ID Group,Group,ID Subgroup,Subgroup,ID Occupation,Occupation,ID Year,Year,ID State,State,ID Gender,Gender,Workforce by Occupation and Gender,Workforce by Occupation and Gender Moe,ACS Occupation yg RCA,Geography,ID Geography,Slug Geography,Median Earnings,Median Earnings Moe,Workforce Prev,Workforce Growth,Median Earnings Prev,Median Earnings Growth,Share
0,"Management, Business, Science, & Arts Occupations",0,"Management, Business, & Financial Occupations",0,"Management Occupations",2022,"2022","04000US19","Iowa",0,"Male",1560,304,0.6433157028775793,"Ames, IA","16000US1901855","ames-ia",70441,13737,1585,-1.5772870662460567,69309,1.6332655210722993,7.876798788184802
0,"Management, Business, Science, & Arts Occupations",0,"Management, Business, & Financial Occupations",1,"Business & Financial Operations Occupations",2022,"2022","04000US19","Iowa",0,"Male",718,213,0.7196193534106312,"Ames, IA","16000US1901855","ames-ia",67715,9510,499,43.8877755511022,63750,6.219607843137255,3.625347134561979
0,"Management, Business, Science, & Arts Occupations",1,"Computer, Engineering, & Science Occupations",2,"Computer & Mathematical Occupations",2022,"2022","04000US19","Iowa",0,"Male",1298,363,1.323637163571852,"Ames, IA","16000US1901855","ames-ia",37171,23414,1227,5.786471067644662,50438,-26.303580633649233,6.553900530169149
0,"Management, Business, Science, & Arts Occupations",1,"Computer, Engineering, & Science Occupations",3,"Architecture & Engineering Occupations",2022,"2022","04000US19","Iowa",0,"Male",951,238.99999999999997,1.410230016980296,"Ames, IA","16000US1901855","ames-ia",47009,20070,1006,-5.467196819085487,45441,3.4506282872295944,4.801817722797273
0,"Management, Business, Science, & Arts Occupations",1,"Computer, Engineering, & Science Occupations",4,"Life, Physical, & Social Science Occupations",2022,"2022","04000US19","Iowa",0,"Male",960,244.99999999999997,4.478002322710688,"Ames, IA","16000US1901855","ames-ia",58527,17537,976,-1.639344262295082,52898,10.641234073121856,4.8472607927291085
0,"Management, Business, Science, & Arts Occupations",2,"Education, Legal, Community Service, Arts, & Media Occupations",5,"Community & Social Service Occupations",2022,"2022","04000US19","Iowa",0,"Male",285,112.99999999999999,1.2636395940544816,"Ames, IA","16000US1901855","ames-ia",31375,43687,101,182.1782178217822,53398,-41.24311771976478,1.4390305478414542
0,"Management, Business, Science, & Arts Occupations",2,"Education, Legal, Community Service, Arts, & Media Occupations",7,"Education Instruction, & Library Occupations",2022,"2022","04000US19","Iowa",0,"Male",3111,411,4.917219869131688,"Ames, IA","16000US1901855","ames-ia",32785,6434,3067,1.43462667101402,29464,11.271382025522673,15.708154506437769
0,"Management, Business, Science, & Arts Occupations",2,"Education, Legal, Community Service, Arts, & Media Occupations",8,"Arts, Design, Entertainment, Sports, & Media Occupations",2022,"2022","04000US19","Iowa",0,"Male",482,182,1.2248926576731307,"Ames, IA","16000US1901855","ames-ia",11230,19631,227,112.33480176211455,36840,-69.51682953311618,2.4337288563494064
0,"Management, Business, Science, & Arts Occupations",3,"Healthcare Practitioners & Technical Occupations",9,"Health Diagnosing & Treating Practitioners & Other Technical Occupations",2022,"2022","04000US19","Iowa",0,"Male",303,112,0.7288002656956787,"Ames, IA","16000US1901855","ames-ia",94896,86060,278,8.992805755395683,80929,17.258337555140926,1.5299166877051251
0,"Management, Business, Science, & Arts Occupations",3,"Healthcare Practitioners & Technical Occupations",10,"Health Technologists & Technicians",2022,"2022","04000US19","Iowa",0,"Male",80,68,0.45244590620399805,"Ames, IA","16000US1901855","ames-ia",47917,20446,87,-8.045977011494253,32788,46.141881176040016,0.40393839939409243
1,"Service Occupations",4,"Service Occupations",11,"Healthcare Support Occupations",2022,"2022","04000US19","Iowa",0,"Male",96,69,0.5171220022424051,"Ames, IA","16000US1901855","ames-ia",27381,23057,117,-17.94871794871795,24539,11.581564040914463,0.4847260792729109
1,"Service Occupations",4,"Service Occupations",14,"Food Preparation & Serving Related Occupations",2022,"2022","04000US19","Iowa",0,"Male",1367,266,1.512699555990553,"Ames, IA","16000US1901855","ames-ia",7780,3684,1308,4.510703363914373,10068,-22.725466825586015,6.902297399646554
1,"Service Occupations",4,"Service Occupations",15,"Building & Grounds Cleaning & Maintenance Occupations",2022,"2022","04000US19","Iowa",0,"Male",569,221.00000000000003,0.7251200513432351,"Ames, IA","16000US1901855","ames-ia",11250,7226,743,-23.418573351278603,11080,1.5342960288808665,2.873011865690482
1,"Service Occupations",4,"Service Occupations",16,"Personal Care & Service Occupations",2022,"2022","04000US19","Iowa",0,"Male",239,115.99999999999999,0.9914933618885019,"Ames, IA","16000US1901855","ames-ia",9363,15399,257,-7.003891050583658,9911,-5.529209968721623,1.206765968189851
1,"Service Occupations",5,"Protective Service Occupations",12,"Fire Fighting & Prevention, & Other Protective Service Workers Including Supervisors",2022,"2022","04000US19","Iowa",0,"Male",103,67,0.31375833472216785,"Ames, IA","16000US1901855","ames-ia",80160,40676,147,-29.931972789115648,16806,376.9725098179222,0.520070689219894
1,"Service Occupations",5,"Protective Service Occupations",13,"Law Enforcement Workers Including Supervisors",2022,"2022","04000US19","Iowa",0,"Male",89,67,0.30637050798738485,"Ames, IA","16000US1901855","ames-ia",83194,102831,80,11.25,75417,10.311998621000571,0.44938146932592776
2,"Sales & Office Occupations",6,"Sales & Office Occupations",17,"Sales & Related Occupations",2022,"2022","04000US19","Iowa",0,"Male",1549,276,0.8494913202668373,"Ames, IA","16000US1901855","ames-ia",30284,12284,1379,12.327773749093545,40194,-24.655421207145345,7.821257258268115
2,"Sales & Office Occupations",6,"Sales & Office Occupations",18,"Office & Administrative Support Occupations",2022,"2022","04000US19","Iowa",0,"Male",1540,288,1.4341293812966873,"Ames, IA","16000US1901855","ames-ia",15357,8602,1264,21.835443037974684,16625,-7.627067669172932,7.775814188336279
3,"Natural Resources, Construction, & Maintenance Occupations",7,"Natural Resources, Construction, & Maintenance Occupations",19,"Farming, Fishing, & Forestry Occupations",2022,"2022","04000US19","Iowa",0,"Male",198,109,1.1530364021586814,"Ames, IA","16000US1901855","ames-ia",16500,11487,282,-29.78723404255319,16420,0.48721071863580995,0.9997475385003787
3,"Natural Resources, Construction, & Maintenance Occupations",7,"Natural Resources, Construction, & Maintenance Occupations",20,"Construction & Extraction Occupations",2022,"2022","04000US19","Iowa",0,"Male",934,212,0.5163550769510405,"Ames, IA","16000US1901855","ames-ia",37024,13596,721,29.542302357836338,46250,-19.94810810810811,4.715980812926029
3,"Natural Resources, Construction, & Maintenance Occupations",7,"Natural Resources, Construction, & Maintenance Occupations",21,"Installation, Maintenance, & Repair Occupations",2022,"2022","04000US19","Iowa",0,"Male",677,246.00000000000003,0.6120704394985726,"Ames, IA","16000US1901855","ames-ia",34622,7599,625,8.32,32088,7.897033158813263,3.4183287048725073
4,"Production, Transportation, & Material Moving Occupations",8,"Production, Transportation, & Material Moving Occupations",22,"Production Occupations",2022,"2022","04000US19","Iowa",0,"Male",900,234.00000000000003,0.6147306161174396,"Ames, IA","16000US1901855","ames-ia",34820,9229,851,5.7579318448883665,31573,10.284103506160328,4.54430699318354
4,"Production, Transportation, & Material Moving Occupations",8,"Production, Transportation, & Material Moving Occupations",23,"Transportation Occupations",2022,"2022","04000US19","Iowa",0,"Male",784,347,0.6403729728246482,"Ames, IA","16000US1901855","ames-ia",14063,5061,682,14.95601173020528,14233,-1.1944073631700975,3.9585963140621057
0,"Management, Business, Science, & Arts Occupations",0,"Management, Business, & Financial Occupations",0,"Management Occupations",2021,"2021","04000US19","Iowa",0,"Male",1585,322,0.7195184271055335,"Ames, IA","16000US1901855","ames-ia",69309,11056,1808,-12.334070796460177,69605,-0.4252568062639179,8.697322212467077
0,"Management, Business, Science, & Arts Occupations",0,"Management, Business, & Financial Occupations",1,"Business & Financial Operations Occupations",2021,"2021","04000US19","Iowa",0,"Male",499,167,0.5543705735503467,"Ames, IA","16000US1901855","ames-ia",63750,7586,595,-16.134453781512605,65484,-2.64797507788162,2.738147497805092
0,"Management, Business, Science, & Arts Occupations",1,"Computer, Engineering, & Science Occupations",2,"Computer & Mathematical Occupations",2021,"2021","04000US19","Iowa",0,"Male",1227,282,1.4109020447039082,"Ames, IA","16000US1901855","ames-ia",50438,32293,1168,5.051369863013699,42340,19.126121870571563,6.7328797190518
0,"Management, Business, Science, & Arts Occupations",1,"Computer, Engineering, & Science Occupations",3,"Architecture & Engineering Occupations",2021,"2021","04000US19","Iowa",0,"Male",1006,209,1.6794546751988328,"Ames, IA","16000US1901855","ames-ia",45441,20590,973,3.391572456320658,49213,-7.664641456525715,5.520193151887621
0,"Management, Business, Science, & Arts Occupations",1,"Computer, Engineering, & Science Occupations",4,"Life, Physical, & Social Science Occupations",2021,"2021","04000US19","Iowa",0,"Male",976,252.00000000000003,5.155096289356965,"Ames, IA","16000US1901855","ames-ia",52898,18928,1139,-14.310798946444251,54383,-2.7306327344942356,5.355575065847234
0,"Management, Business, Science, & Arts Occupations",2,"Education, Legal, Community Service, Arts, & Media Occupations",5,"Community & Social Service Occupations",2021,"2021","04000US19","Iowa",0,"Male",101,62,0.48647315977357386,"Ames, IA","16000US1901855","ames-ia",53398,28852,115,-12.173913043478262,8750,510.2628571428571,0.5542142230026339
0,"Management, Business, Science, & Arts Occupations",2,"Education, Legal, Community Service, Arts, & Media Occupations",7,"Education Instruction, & Library Occupations",2021,"2021","04000US19","Iowa",0,"Male",3067,434.99999999999994,5.298577430672624,"Ames, IA","16000US1901855","ames-ia",29464,4646,2798,9.614010007147963,27145,8.54300976238718,16.829455662862163
0,"Management, Business, Science, & Arts Occupations",2,"Education, Legal, Community Service, Arts, & Media Occupations",8,"Arts, Design, Entertainment, Sports, & Media Occupations",2021,"2021","04000US19","Iowa",0,"Male",227,124,0.6286826685015892,"Ames, IA","16000US1901855","ames-ia",36840,12793,273,-16.84981684981685,41052,-10.260157848582285,1.2456101843722562
0,"Management, Business, Science, & Arts Occupations",3,"Healthcare Practitioners & Technical Occupations",9,"Health Diagnosing & Treating Practitioners & Other Technical Occupations",2021,"2021","04000US19","Iowa",0,"Male",278,126.00000000000001,0.7375231251211639,"Ames, IA","16000US1901855","ames-ia",80929,29117,201,38.308457711442784,77266,4.740765666658039,1.525460930640913
0,"Management, Business, Science, & Arts Occupations",3,"Healthcare Practitioners & Technical Occupations",10,"Health Technologists & Technicians",2021,"2021","04000US19","Iowa",0,"Male",87,69,0.5408881937865513,"Ames, IA","16000US1901855","ames-ia",32788,37816,53,64.15094339622641,14866,120.55697564913226,0.47739244951712034
1,"Service Occupations",4,"Service Occupations",11,"Healthcare Support Occupations",2021,"2021","04000US19","Iowa",0,"Male",117,80,0.693490207741448,"Ames, IA","16000US1901855","ames-ia",24539,20939,149,-21.476510067114095,23125,6.114594594594594,0.6420105355575065
1,"Service Occupations",4,"Service Occupations",14,"Food Preparation & Serving Related Occupations",2021,"2021","04000US19","Iowa",0,"Male",1308,313,1.5409430245756506,"Ames, IA","16000US1901855","ames-ia",10068,3397,1419,-7.822410147991543,11331,-11.146412496690496,7.1773485513608435
1,"Service Occupations",4,"Service Occupations",15,"Building & Grounds Cleaning & Maintenance Occupations",2021,"2021","04000US19","Iowa",0,"Male",743,211,0.9952832515079945,"Ames, IA","16000US1901855","ames-ia",11080,6008,706,5.240793201133145,8566,29.34858743871118,4.077041264266901
1,"Service Occupations",4,"Service Occupations",16,"Personal Care & Service Occupations",2021,"2021","04000US19","Iowa",0,"Male",257,100,1.1440193790814817,"Ames, IA","16000US1901855","ames-ia",9911,29039,234,9.82905982905983,8558,15.809768637532134,1.4102282704126425
1,"Service Occupations",5,"Protective Service Occupations",12,"Fire Fighting & Prevention, & Other Protective Service Workers Including Supervisors",2021,"2021","04000US19","Iowa",0,"Male",147,109.99999999999999,0.48601502582639056,"Ames, IA","16000US1901855","ames-ia",16806,64604,161,-8.695652173913043,4813,249.17930604612505,0.8066286215978928
1,"Service Occupations",5,"Protective Service Occupations",13,"Law Enforcement Workers Including Supervisors",2021,"2021","04000US19","Iowa",0,"Male",80,60.00000000000001,0.29609862080864796,"Ames, IA","16000US1901855","ames-ia",75417,64287,72,11.11111111111111,74688,0.9760604113110539,0.4389815627743635
2,"Sales & Office Occupations",6,"Sales & Office Occupations",17,"Sales & Related Occupations",2021,"2021","04000US19","Iowa",0,"Male",1379,307,0.8066095015844424,"Ames, IA","16000US1901855","ames-ia",40194,4817,1473,-6.381534283774609,36891,8.953403269090023,7.56694468832309
2,"Sales & Office Occupations",6,"Sales & Office Occupations",18,"Office & Administrative Support Occupations",2021,"2021","04000US19","Iowa",0,"Male",1264,278,1.268944024971847,"Ames, IA","16000US1901855","ames-ia",16625,11915,1178,7.30050933786078,25556,-34.946783534199405,6.935908691834943
3,"Natural Resources, Construction, & Maintenance Occupations",7,"Natural Resources, Construction, & Maintenance Occupations",19,"Farming, Fishing, & Forestry Occupations",2021,"2021","04000US19","Iowa",0,"Male",282,131,1.741260617981812,"Ames, IA","16000US1901855","ames-ia",16420,5667,297,-5.05050505050505,17279,-4.971352508825742,1.5474100087796312
3,"Natural Resources, Construction, & Maintenance Occupations",7,"Natural Resources, Construction, & Maintenance Occupations",20,"Construction & Extraction Occupations",2021,"2021","04000US19","Iowa",0,"Male",721,212,0.4286951376735747,"Ames, IA","16000US1901855","ames-ia",46250,11776,693,4.040404040404041,39417,17.335159956364006,3.956321334503951
3,"Natural Resources, Construction, & Maintenance Occupations",7,"Natural Resources, Construction, & Maintenance Occupations",21,"Installation, Maintenance, & Repair Occupations",2021,"2021","04000US19","Iowa",0,"Male",625,275,0.6119880532624488,"Ames, IA","16000US1901855","ames-ia",32088,16175,671,-6.855439642324888,30479,5.279044588077037,3.4295434591747145
4,"Production, Transportation, & Material Moving Occupations",8,"Production, Transportation, & Material Moving Occupations",22,"Production Occupations",2021,"2021","04000US19","Iowa",0,"Male",851,206,0.623665687947945,"Ames, IA","16000US1901855","ames-ia",31573,3207,956,-10.98326359832636,32306,-2.2689283724385563,4.669666374012292
4,"Production, Transportation, & Material Moving Occupations",8,"Production, Transportation, & Material Moving Occupations",23,"Transportation Occupations",2021,"2021","04000US19","Iowa",0,"Male",682,282,0.6031080818625428,"Ames, IA","16000US1901855","ames-ia",14233,7199,682,0,12006,18.549058803931366,3.742317822651449
0,"Management, Business, Science, & Arts Occupations",0,"Management, Business, & Financial Occupations",0,"Management Occupations",2020,"2020","04000US19","Iowa",0,"Male",1808,369,0.8217096098163328,"Ames, IA","16000US1901855","ames-ia",69605,11269,1722,4.994192799070848,70000,-0.5642857142857143,9.731941005490365
0,"Management, Business, Science, & Arts Occupations",0,"Management, Business, & Financial Occupations",1,"Business & Financial Operations Occupations",2020,"2020","04000US19","Iowa",0,"Male",595,165,0.664481973294189,"Ames, IA","16000US1901855","ames-ia",65484,6714,671,-11.326378539493295,52383,25.010022335490522,3.202712886209495
0,"Management, Business, Science, & Arts Occupations",1,"Computer, Engineering, & Science Occupations",2,"Computer & Mathematical Occupations",2020,"2020","04000US19","Iowa",0,"Male",1168,258,1.3711633299482284,"Ames, IA","16000US1901855","ames-ia",42340,24370,1034,12.959381044487428,60667,-30.209174674864425,6.287006136290235
0,"Management, Business, Science, & Arts Occupations",1,"Computer, Engineering, & Science Occupations",3,"Architecture & Engineering Occupations",2020,"2020","04000US19","Iowa",0,"Male",973,270,1.6493916506981694,"Ames, IA","16000US1901855","ames-ia",49213,16743,950,2.4210526315789473,42188,16.651654498909643,5.237377543330822
0,"Management, Business, Science, & Arts Occupations",1,"Computer, Engineering, & Science Occupations",4,"Life, Physical, & Social Science Occupations",2020,"2020","04000US19","Iowa",0,"Male",1139,268,6.169100149105945,"Ames, IA","16000US1901855","ames-ia",54383,9636,894,27.40492170022371,33466,62.50224108049961,6.130907525029605
0,"Management, Business, Science, & Arts Occupations",2,"Education, Legal, Community Service, Arts, & Media Occupations",5,"Community & Social Service Occupations",2020,"2020","04000US19","Iowa",0,"Male",115,63.00000000000001,0.5428701758908013,"Ames, IA","16000US1901855","ames-ia",8750,51617,117,-1.7094017094017095,9583,-8.692476260043827,0.6190117343093983
0,"Management, Business, Science, & Arts Occupations",2,"Education, Legal, Community Service, Arts, & Media Occupations",7,"Education Instruction, & Library Occupations",2020,"2020","04000US19","Iowa",0,"Male",2798,400,4.790275649345136,"Ames, IA","16000US1901855","ames-ia",27145,3103,2969,-5.759514988211519,28133,-3.5118899513027406,15.060824631284314
0,"Management, Business, Science, & Arts Occupations",2,"Education, Legal, Community Service, Arts, & Media Occupations",8,"Arts, Design, Entertainment, Sports, & Media Occupations",2020,"2020","04000US19","Iowa",0,"Male",273,125,0.7386994616881974,"Ames, IA","16000US1901855","ames-ia",41052,2541,362,-24.585635359116022,26477,55.047777316161195,1.46948003014318
0,"Management, Business, Science, & Arts Occupations",3,"Healthcare Practitioners & Technical Occupations",9,"Health Diagnosing & Treating Practitioners & Other Technical Occupations",2020,"2020","04000US19","Iowa",0,"Male",201,83,0.5320008390439308,"Ames, IA","16000US1901855","ames-ia",77266,4276,182,10.43956043956044,81667,-5.388957596091445,1.0819248573581657
0,"Management, Business, Science, & Arts Occupations",3,"Healthcare Practitioners & Technical Occupations",10,"Health Technologists & Technicians",2020,"2020","04000US19","Iowa",0,"Male",53,56,0.3278951165677166,"Ames, IA","16000US1901855","ames-ia",14866,34136,59,-10.16949152542373,30450,-51.17898193760263,0.2852836688556357
1,"Service Occupations",4,"Service Occupations",11,"Healthcare Support Occupations",2020,"2020","04000US19","Iowa",0,"Male",149,84,0.8784024373600321,"Ames, IA","16000US1901855","ames-ia",23125,13228,85,75.29411764705883,18417,25.56333822012271,0.802023899235655
1,"Service Occupations",4,"Service Occupations",14,"Food Preparation & Serving Related Occupations",2020,"2020","04000US19","Iowa",0,"Male",1419,319,1.5744417929105188,"Ames, IA","16000US1901855","ames-ia",11331,3396,1585,-10.473186119873818,11794,-3.925724944887231,7.638066530304662
1,"Service Occupations",4,"Service Occupations",15,"Building & Grounds Cleaning & Maintenance Occupations",2020,"2020","04000US19","Iowa",0,"Male",706,227.00000000000003,0.9060334591867488,"Ames, IA","16000US1901855","ames-ia",8566,6060,740,-4.594594594594595,18056,-52.55870624723084,3.8001937775863928
1,"Service Occupations",4,"Service Occupations",16,"Personal Care & Service Occupations",2020,"2020","04000US19","Iowa",0,"Male",234,100,0.988828735779155,"Ames, IA","16000US1901855","ames-ia",8558,15001,292,-19.863013698630137,6223,37.52209545235417,1.2595543115512973
1,"Service Occupations",5,"Protective Service Occupations",12,"Fire Fighting & Prevention, & Other Protective Service Workers Including Supervisors",2020,"2020","04000US19","Iowa",0,"Male",161,106,0.5182308908930818,"Ames, IA","16000US1901855","ames-ia",4813,61095,200,-19.5,25313,-80.98605459645242,0.8666164280331574
1,"Service Occupations",5,"Protective Service Occupations",13,"Law Enforcement Workers Including Supervisors",2020,"2020","04000US19","Iowa",0,"Male",72,60.00000000000001,0.26111701281661964,"Ames, IA","16000US1901855","ames-ia",74688,25011,79,-8.860759493670885,73906,1.0581008307850515,0.3875551727850145
2,"Sales & Office Occupations",6,"Sales & Office Occupations",17,"Sales & Related Occupations",2020,"2020","04000US19","Iowa",0,"Male",1473,303,0.8267160573362139,"Ames, IA","16000US1901855","ames-ia",36891,6356,1323,11.337868480725625,37369,-1.2791351119912227,7.928732909893423
2,"Sales & Office Occupations",6,"Sales & Office Occupations",18,"Office & Administrative Support Occupations",2020,"2020","04000US19","Iowa",0,"Male",1178,264,1.149041094932149,"Ames, IA","16000US1901855","ames-ia",25556,16416,1250,-5.76,25843,-1.1105521804744032,6.340833243621488
3,"Natural Resources, Construction, & Maintenance Occupations",7,"Natural Resources, Construction, & Maintenance Occupations",19,"Farming, Fishing, & Forestry Occupations",2020,"2020","04000US19","Iowa",0,"Male",297,159,1.712754331271961,"Ames, IA","16000US1901855","ames-ia",17279,5482,299,-0.6688963210702341,17476,-1.1272602426184481,1.598665087738185
3,"Natural Resources, Construction, & Maintenance Occupations",7,"Natural Resources, Construction, & Maintenance Occupations",20,"Construction & Extraction Occupations",2020,"2020","04000US19","Iowa",0,"Male",693,193,0.4017677629254795,"Ames, IA","16000US1901855","ames-ia",39417,14298,737,-5.970149253731343,35991,9.519046428273734,3.730218538055765
3,"Natural Resources, Construction, & Maintenance Occupations",7,"Natural Resources, Construction, & Maintenance Occupations",21,"Installation, Maintenance, & Repair Occupations",2020,"2020","04000US19","Iowa",0,"Male",671,250.99999999999997,0.6420522842525735,"Ames, IA","16000US1901855","ames-ia",30479,2567,639,5.007824726134586,29323,3.9422978549261667,3.6117989019270103
4,"Production, Transportation, & Material Moving Occupations",8,"Production, Transportation, & Material Moving Occupations",22,"Production Occupations",2020,"2020","04000US19","Iowa",0,"Male",956,227.00000000000003,0.6781175598890615,"Ames, IA","16000US1901855","ames-ia",32306,11232,996,-4.016064257028113,31955,1.0984196526365202,5.145871460867693
4,"Production, Transportation, & Material Moving Occupations",8,"Production, Transportation, & Material Moving Occupations",23,"Transportation Occupations",2020,"2020","04000US19","Iowa",0,"Male",682,256,0.5904482614674923,"Ames, IA","16000US1901855","ames-ia",12006,9750,476,43.27731092436975,12258,-2.0558002936857562,3.671008719991388
0,"Management, Business, Science, & Arts Occupations",0,"Management, Business, & Financial Occupations",0,"Management Occupations",2019,"2019","04000US19","Iowa",0,"Male",1722,327,0.7985882057480675,"Ames, IA","16000US1901855","ames-ia",70000,19940,1532,12.402088772845952,63674,9.934981311053177,9.254581609071854
0,"Management, Business, Science, & Arts Occupations",0,"Management, Business, & Financial Occupations",1,"Business & Financial Operations Occupations",2019,"2019","04000US19","Iowa",0,"Male",671,243,0.7708242256558288,"Ames, IA","16000US1901855","ames-ia",52383,17792,652,2.9141104294478524,53750,-2.5432558139534884,3.606169721072715
0,"Management, Business, Science, & Arts Occupations",1,"Computer, Engineering, & Science Occupations",2,"Computer & Mathematical Occupations",2019,"2019","04000US19","Iowa",0,"Male",1034,211,1.2630942295738956,"Ames, IA","16000US1901855","ames-ia",60667,15990,1001,3.296703296703297,63750,-4.836078431372549,5.557048422636642
0,"Management, Business, Science, & Arts Occupations",1,"Computer, Engineering, & Science Occupations",3,"Architecture & Engineering Occupations",2019,"2019","04000US19","Iowa",0,"Male",950,190,1.6697381420039095,"Ames, IA","16000US1901855","ames-ia",42188,25941,916,3.711790393013101,55397,-23.8442514937632,5.105605417316063
0,"Management, Business, Science, & Arts Occupations",1,"Computer, Engineering, & Science Occupations",4,"Life, Physical, & Social Science Occupations",2019,"2019","04000US19","Iowa",0,"Male",894,243,4.976775540063567,"Ames, IA","16000US1901855","ames-ia",33466,14978,925,-3.3513513513513513,24577,36.16796191561215,4.8046434137690115
0,"Management, Business, Science, & Arts Occupations",2,"Education, Legal, Community Service, Arts, & Media Occupations",5,"Community & Social Service Occupations",2019,"2019","04000US19","Iowa",0,"Male",117,62,0.552714128286298,"Ames, IA","16000US1901855","ames-ia",9583,51426,155,-24.516129032258064,9798,-2.194325372525005,0.6287956145536626
0,"Management, Business, Science, & Arts Occupations",2,"Education, Legal, Community Service, Arts, & Media Occupations",7,"Education Instruction, & Library Occupations",2019,"2019","04000US19","Iowa",0,"Male",2969,388,5.133681323914004,"Ames, IA","16000US1901855","ames-ia",28133,6389,3087,-3.8224813735017813,34556,-18.587220743141568,15.956360509485679
0,"Management, Business, Science, & Arts Occupations",2,"Education, Legal, Community Service, Arts, & Media Occupations",8,"Arts, Design, Entertainment, Sports, & Media Occupations",2019,"2019","04000US19","Iowa",0,"Male",362,151,0.9860726368827302,"Ames, IA","16000US1901855","ames-ia",26477,22142,430,-15.813953488372093,17179,54.12422143314512,1.9455043800720158
0,"Management, Business, Science, & Arts Occupations",3,"Healthcare Practitioners & Technical Occupations",9,"Health Diagnosing & Treating Practitioners & Other Technical Occupations",2019,"2019","04000US19","Iowa",0,"Male",182,87,0.49047772463274975,"Ames, IA","16000US1901855","ames-ia",81667,218297,177,2.824858757062147,125114,-34.725929951883884,0.9781265115279196
0,"Management, Business, Science, & Arts Occupations",3,"Healthcare Practitioners & Technical Occupations",10,"Health Technologists & Technicians",2019,"2019","04000US19","Iowa",0,"Male",59,64,0.3743127576931071,"Ames, IA","16000US1901855","ames-ia",30450,28792,109,-45.87155963302752,33125,-8.075471698113207,0.31708496802278713
1,"Service Occupations",4,"Service Occupations",11,"Healthcare Support Occupations",2019,"2019","04000US19","Iowa",0,"Male",85,63.00000000000001,0.5076494657982298,"Ames, IA","16000US1901855","ames-ia",18417,16426,71,19.718309859154928,16094,14.433950540574129,0.4568173268124899
1,"Service Occupations",4,"Service Occupations",14,"Food Preparation & Serving Related Occupations",2019,"2019","04000US19","Iowa",0,"Male",1585,316,1.6969224489044077,"Ames, IA","16000US1901855","ames-ia",11794,3421,1605,-1.2461059190031152,11321,4.178076141683597,8.51829956467996
1,"Service Occupations",4,"Service Occupations",15,"Building & Grounds Cleaning & Maintenance Occupations",2019,"2019","04000US19","Iowa",0,"Male",740,183,0.9218285694200279,"Ames, IA","16000US1901855","ames-ia",18056,11559,819,-9.645909645909647,17634,2.3931042304638765,3.976997904014618
1,"Service Occupations",4,"Service Occupations",16,"Personal Care & Service Occupations",2019,"2019","04000US19","Iowa",0,"Male",292,127,1.2059631144567888,"Ames, IA","16000US1901855","ames-ia",6223,4443,330,-11.515151515151516,6220,0.04823151125401929,1.5693018756382004
1,"Service Occupations",5,"Protective Service Occupations",12,"Fire Fighting & Prevention, & Other Protective Service Workers Including Supervisors",2019,"2019","04000US19","Iowa",0,"Male",200,134,0.6409848284470371,"Ames, IA","16000US1901855","ames-ia",25313,74241,148,35.13513513513514,4407,474.381665532108,1.0748642983823293
1,"Service Occupations",5,"Protective Service Occupations",13,"Law Enforcement Workers Including Supervisors",2019,"2019","04000US19","Iowa",0,"Male",79,60.00000000000001,0.289339644558942,"Ames, IA","16000US1901855","ames-ia",73906,15816,165,-52.121212121212125,70313,5.110008106609019,0.42457139786102005
2,"Sales & Office Occupations",6,"Sales & Office Occupations",17,"Sales & Related Occupations",2019,"2019","04000US19","Iowa",0,"Male",1323,274,0.7314364410506148,"Ames, IA","16000US1901855","ames-ia",37369,7887,1308,1.146788990825688,40392,-7.484155278272925,7.1102273337991075
2,"Sales & Office Occupations",6,"Sales & Office Occupations",18,"Office & Administrative Support Occupations",2019,"2019","04000US19","Iowa",0,"Male",1250,283,1.2106753434082178,"Ames, IA","16000US1901855","ames-ia",25843,10295,1326,-5.731523378582202,16452,57.08120593240943,6.7179018648895585
3,"Natural Resources, Construction, & Maintenance Occupations",7,"Natural Resources, Construction, & Maintenance Occupations",19,"Farming, Fishing, & Forestry Occupations",2019,"2019","04000US19","Iowa",0,"Male",299,176,1.6299671039443002,"Ames, IA","16000US1901855","ames-ia",17476,5269,333,-10.21021021021021,18783,-6.958419847734653,1.6069221260815822
3,"Natural Resources, Construction, & Maintenance Occupations",7,"Natural Resources, Construction, & Maintenance Occupations",20,"Construction & Extraction Occupations",2019,"2019","04000US19","Iowa",0,"Male",737,227.00000000000003,0.4212082866719906,"Ames, IA","16000US1901855","ames-ia",35991,11029,799,-7.759699624530664,32323,11.3479565634378,3.960874939538883
3,"Natural Resources, Construction, & Maintenance Occupations",7,"Natural Resources, Construction, & Maintenance Occupations",21,"Installation, Maintenance, & Repair Occupations",2019,"2019","04000US19","Iowa",0,"Male",639,330,0.608054025616392,"Ames, IA","16000US1901855","ames-ia",29323,6843,444,43.91891891891892,40000,-26.692500000000003,3.434191433331542
4,"Production, Transportation, & Material Moving Occupations",8,"Production, Transportation, & Material Moving Occupations",22,"Production Occupations",2019,"2019","04000US19","Iowa",0,"Male",996,244.99999999999997,0.6889314092026876,"Ames, IA","16000US1901855","ames-ia",31955,10706,1022,-2.5440313111545985,27866,14.67379602382832,5.352824205944
4,"Production, Transportation, & Material Moving Occupations",8,"Production, Transportation, & Material Moving Occupations",23,"Transportation Occupations",2019,"2019","04000US19","Iowa",0,"Male",476,227.00000000000003,0.4127739238232349,"Ames, IA","16000US1901855","ames-ia",12258,18565,437,8.924485125858125,13828,-11.353774949378073,2.5581770301499436
0,"Management, Business, Science, & Arts Occupations",0,"Management, Business, & Financial Occupations",0,"Management Occupations",2018,"2018","04000US19","Iowa",0,"Male",1532,337,0.7156727776136043,"Ames, IA","16000US1901855","ames-ia",63674,9725,1438,6.536856745479833,69815,-8.796103989114087,8.157180128853629
0,"Management, Business, Science, & Arts Occupations",0,"Management, Business, & Financial Occupations",1,"Business & Financial Operations Occupations",2018,"2018","04000US19","Iowa",0,"Male",652,208,0.7473420438093709,"Ames, IA","16000US1901855","ames-ia",53750,18689,505,29.108910891089106,39313,36.72322132627884,3.4715936318619884
0,"Management, Business, Science, & Arts Occupations",1,"Computer, Engineering, & Science Occupations",2,"Computer & Mathematical Occupations",2018,"2018","04000US19","Iowa",0,"Male",1001,203,1.2486130657066798,"Ames, IA","16000US1901855","ames-ia",63750,6586,1069,-6.361085126286249,57682,10.519746194653445,5.329854640327991
0,"Management, Business, Science, & Arts Occupations",1,"Computer, Engineering, & Science Occupations",3,"Architecture & Engineering Occupations",2018,"2018","04000US19","Iowa",0,"Male",916,194,1.6412308838487668,"Ames, IA","16000US1901855","ames-ia",55397,16041,904,1.3274336283185841,55385,0.02166651620474858,4.877269580959481
0,"Management, Business, Science, & Arts Occupations",1,"Computer, Engineering, & Science Occupations",4,"Life, Physical, & Social Science Occupations",2018,"2018","04000US19","Iowa",0,"Male",925,191,5.210705255763476,"Ames, IA","16000US1901855","ames-ia",24577,15495,810,14.19753086419753,23527,4.462957453138946,4.92519035195144
0,"Management, Business, Science, & Arts Occupations",2,"Education, Legal, Community Service, Arts, & Media Occupations",5,"Community & Social Service Occupations",2018,"2018","04000US19","Iowa",0,"Male",155,76,0.7258605195569152,"Ames, IA","16000US1901855","ames-ia",9798,69683,200,-22.5,31075,-68.46983105390186,0.8253021670837548
0,"Management, Business, Science, & Arts Occupations",2,"Education, Legal, Community Service, Arts, & Media Occupations",7,"Education Instruction, & Library Occupations",2018,"2018","04000US19","Iowa",0,"Male",3087,403,5.306134379209171,"Ames, IA","16000US1901855","ames-ia",34556,9337,2834,8.927311220889203,42523,-18.735743009665356,16.436824450242266
0,"Management, Business, Science, & Arts Occupations",2,"Education, Legal, Community Service, Arts, & Media Occupations",8,"Arts, Design, Entertainment, Sports, & Media Occupations",2018,"2018","04000US19","Iowa",0,"Male",430,157,1.1677002350723373,"Ames, IA","16000US1901855","ames-ia",17179,17153,507,-15.187376725838265,11976,43.44522378089513,2.2895479473936424
0,"Management, Business, Science, & Arts Occupations",3,"Healthcare Practitioners & Technical Occupations",9,"Health Diagnosing & Treating Practitioners & Other Technical Occupations",2018,"2018","04000US19","Iowa",0,"Male",177,84,0.47971678136622076,"Ames, IA","16000US1901855","ames-ia",125114,241456,151,17.218543046357617,237663,-47.35655108283578,0.9424418295085458
0,"Management, Business, Science, & Arts Occupations",3,"Healthcare Practitioners & Technical Occupations",10,"Health Technologists & Technicians",2018,"2018","04000US19","Iowa",0,"Male",109,109.99999999999999,0.6929719244703805,"Ames, IA","16000US1901855","ames-ia",33125,20613,112,-2.6785714285714284,32955,0.5158549537247762,0.5803737820137372
1,"Service Occupations",4,"Service Occupations",11,"Healthcare Support Occupations",2018,"2018","04000US19","Iowa",0,"Male",71,54,0.42649433349508575,"Ames, IA","16000US1901855","ames-ia",16094,19930,80,-11.25,18235,-11.741157115437344,0.3780416378254619
1,"Service Occupations",4,"Service Occupations",14,"Food Preparation & Serving Related Occupations",2018,"2018","04000US19","Iowa",0,"Male",1605,339,1.6922613947104463,"Ames, IA","16000US1901855","ames-ia",11321,3741,1460,9.931506849315069,10496,7.8601371951219505,8.545870826899527
1,"Service Occupations",4,"Service Occupations",15,"Building & Grounds Cleaning & Maintenance Occupations",2018,"2018","04000US19","Iowa",0,"Male",819,184,0.9901134806356698,"Ames, IA","16000US1901855","ames-ia",17634,9524,829,-1.2062726176115801,11438,54.1703094946669,4.360790160268356
1,"Service Occupations",4,"Service Occupations",16,"Personal Care & Service Occupations",2018,"2018","04000US19","Iowa",0,"Male",330,120.00000000000001,1.3597018582251692,"Ames, IA","16000US1901855","ames-ia",6220,6857,224,47.32142857142857,8667,-28.2335294796354,1.757094936371865
1,"Service Occupations",5,"Protective Service Occupations",12,"Fire Fighting & Prevention, & Other Protective Service Workers Including Supervisors",2018,"2018","04000US19","Iowa",0,"Male",148,120.00000000000001,0.4669913603313739,"Ames, IA","16000US1901855","ames-ia",4407,8102,196,-24.489795918367346,10750,-59.0046511627907,0.7880304563122306
1,"Service Occupations",5,"Protective Service Occupations",13,"Law Enforcement Workers Including Supervisors",2018,"2018","04000US19","Iowa",0,"Male",165,74,0.591635251442953,"Ames, IA","16000US1901855","ames-ia",70313,26269,156,5.769230769230769,54706,28.528863378788433,0.8785474681859325
2,"Sales & Office Occupations",6,"Sales & Office Occupations",17,"Sales & Related Occupations",2018,"2018","04000US19","Iowa",0,"Male",1308,283,0.7026109159848001,"Ames, IA","16000US1901855","ames-ia",40392,13966,1295,1.0038610038610039,25117,60.81538400286658,6.964485384164848
2,"Sales & Office Occupations",6,"Sales & Office Occupations",18,"Office & Administrative Support Occupations",2018,"2018","04000US19","Iowa",0,"Male",1326,339,1.2506071281035158,"Ames, IA","16000US1901855","ames-ia",16452,7835,1610,-17.63975155279503,13958,17.867889382433013,7.060326926148767
3,"Natural Resources, Construction, & Maintenance Occupations",7,"Natural Resources, Construction, & Maintenance Occupations",19,"Farming, Fishing, & Forestry Occupations",2018,"2018","04000US19","Iowa",0,"Male",333,171,1.7305892629762634,"Ames, IA","16000US1901855","ames-ia",18783,4962,316,5.379746835443038,18580,1.0925726587728741,1.7730685267025186
3,"Natural Resources, Construction, & Maintenance Occupations",7,"Natural Resources, Construction, & Maintenance Occupations",20,"Construction & Extraction Occupations",2018,"2018","04000US19","Iowa",0,"Male",799,198,0.45367351612825074,"Ames, IA","16000US1901855","ames-ia",32323,7083,656,21.798780487804876,28583,13.084700696218032,4.254299558064001
3,"Natural Resources, Construction, & Maintenance Occupations",7,"Natural Resources, Construction, & Maintenance Occupations",21,"Installation, Maintenance, & Repair Occupations",2018,"2018","04000US19","Iowa",0,"Male",444,156,0.41747654354378627,"Ames, IA","16000US1901855","ames-ia",40000,31728,515,-13.78640776699029,39194,2.0564372097770067,2.3640913689366916
4,"Production, Transportation, & Material Moving Occupations",8,"Production, Transportation, & Material Moving Occupations",22,"Production Occupations",2018,"2018","04000US19","Iowa",0,"Male",1022,227.00000000000003,0.6892215930482041,"Ames, IA","16000US1901855","ames-ia",27866,9167,1047,-2.387774594078319,29871,-6.712195775166549,5.441669772642564
4,"Production, Transportation, & Material Moving Occupations",8,"Production, Transportation, & Material Moving Occupations",23,"Transportation Occupations",2018,"2018","04000US19","Iowa",0,"Male",437,135,0.38054703294941156,"Ames, IA","16000US1901855","ames-ia",13828,16571,489,-10.633946830265849,14650,-5.610921501706485,2.326819658165167
0,"Management, Business, Science, & Arts Occupations",0,"Management, Business, & Financial Occupations",0,"Management Occupations",2017,"2017","04000US19","Iowa",0,"Male",1438,302,0.6790136223371569,"Ames, IA","16000US1901855","ames-ia",69815,12984,1599,-10.068792995622264,67768,3.020599693070476,7.9636705986597995
0,"Management, Business, Science, & Arts Occupations",0,"Management, Business, & Financial Occupations",1,"Business & Financial Operations Occupations",2017,"2017","04000US19","Iowa",0,"Male",505,169,0.6734082645759885,"Ames, IA","16000US1901855","ames-ia",39313,23062,520,-2.8846153846153846,36827,6.75048198332745,2.7966993409757985
0,"Management, Business, Science, & Arts Occupations",1,"Computer, Engineering, & Science Occupations",2,"Computer & Mathematical Occupations",2017,"2017","04000US19","Iowa",0,"Male",1069,261,1.4548709475288142,"Ames, IA","16000US1901855","ames-ia",57682,5763,978,9.304703476482617,50523,14.169784058745522,5.920141773273523
0,"Management, Business, Science, & Arts Occupations",1,"Computer, Engineering, & Science Occupations",3,"Architecture & Engineering Occupations",2017,"2017","04000US19","Iowa",0,"Male",904,205,1.689169909547881,"Ames, IA","16000US1901855","ames-ia",55385,17906,917,-1.4176663031624863,40804,35.73424174100578,5.006368721271529
0,"Management, Business, Science, & Arts Occupations",1,"Computer, Engineering, & Science Occupations",4,"Life, Physical, & Social Science Occupations",2017,"2017","04000US19","Iowa",0,"Male",810,210,5.048537779093145,"Ames, IA","16000US1901855","ames-ia",23527,13323,693,16.883116883116884,30927,-23.927312704109678,4.485794982555242
0,"Management, Business, Science, & Arts Occupations",2,"Education, Legal, Community Service, Arts, & Media Occupations",5,"Community & Social Service Occupations",2017,"2017","04000US19","Iowa",0,"Male",200,126.00000000000001,0.9703612414625923,"Ames, IA","16000US1901855","ames-ia",31075,7873,183,9.289617486338798,31445,-1.176657656225155,1.107603699396356
0,"Management, Business, Science, & Arts Occupations",2,"Education, Legal, Community Service, Arts, & Media Occupations",6,"Legal Occupations",2017,"2017","04000US19","Iowa",0,"Male",27,25,0.1431662282950373,"Ames, IA","16000US1901855","ames-ia",96375,66481,27,0,94583,1.8946322277787764,0.14952649941850807
0,"Management, Business, Science, & Arts Occupations",2,"Education, Legal, Community Service, Arts, & Media Occupations",7,"Education Instruction, & Library Occupations",2017,"2017","04000US19","Iowa",0,"Male",2834,349,5.0324379490436355,"Ames, IA","16000US1901855","ames-ia",42523,10391,2607,8.707326428845416,36547,16.35154732262566,15.694744420446364
0,"Management, Business, Science, & Arts Occupations",2,"Education, Legal, Community Service, Arts, & Media Occupations",8,"Arts, Design, Entertainment, Sports, & Media Occupations",2017,"2017","04000US19","Iowa",0,"Male",507,175,1.4163390728578047,"Ames, IA","16000US1901855","ames-ia",11976,4724,581,-12.736660929432015,12026,-0.4157658406785299,2.8077753779697625
0,"Management, Business, Science, & Arts Occupations",3,"Healthcare Practitioners & Technical Occupations",9,"Health Diagnosing & Treating Practitioners & Other Technical Occupations",2017,"2017","04000US19","Iowa",0,"Male",151,74,0.41938471409467704,"Ames, IA","16000US1901855","ames-ia",237663,283374,294,-48.63945578231292,68750,245.69163636363638,0.8362407930442487
0,"Management, Business, Science, & Arts Occupations",3,"Healthcare Practitioners & Technical Occupations",10,"Health Technologists & Technicians",2017,"2017","04000US19","Iowa",0,"Male",112,98,0.7639389849337789,"Ames, IA","16000US1901855","ames-ia",32955,21824,103,8.737864077669903,33653,-2.0741092918907675,0.6202580716619593
1,"Service Occupations",4,"Service Occupations",11,"Healthcare Support Occupations",2017,"2017","04000US19","Iowa",0,"Male",80,74,0.7337465129993176,"Ames, IA","16000US1901855","ames-ia",18235,24070,98,-18.367346938775512,6630,175.03770739064856,0.44304147975854236
1,"Service Occupations",4,"Service Occupations",14,"Food Preparation & Serving Related Occupations",2017,"2017","04000US19","Iowa",0,"Male",1460,294,1.5914252154974164,"Ames, IA","16000US1901855","ames-ia",10496,3408,1309,11.535523300229181,9015,16.428175263449805,8.085507005593398
1,"Service Occupations",4,"Service Occupations",15,"Building & Grounds Cleaning & Maintenance Occupations",2017,"2017","04000US19","Iowa",0,"Male",829,209,1.0322357201185948,"Ames, IA","16000US1901855","ames-ia",11438,8138,744,11.424731182795698,10870,5.225390984360626,4.591017333997895
1,"Service Occupations",4,"Service Occupations",16,"Personal Care & Service Occupations",2017,"2017","04000US19","Iowa",0,"Male",224,88,0.7820662599183479,"Ames, IA","16000US1901855","ames-ia",8667,6907,236,-5.084745762711865,8077,7.304692336263464,1.2405161433239187
1,"Service Occupations",5,"Protective Service Occupations",12,"Fire Fighting & Prevention, & Other Protective Service Workers Including Supervisors",2017,"2017","04000US19","Iowa",0,"Male",196,109,0.632885833331879,"Ames, IA","16000US1901855","ames-ia",10750,48033,203,-3.4482758620689653,10987,-2.157094748338946,1.0854516254084288
1,"Service Occupations",5,"Protective Service Occupations",13,"Law Enforcement Workers Including Supervisors",2017,"2017","04000US19","Iowa",0,"Male",156,81,0.5797517064420811,"Ames, IA","16000US1901855","ames-ia",54706,7583,180,-13.333333333333334,54286,0.7736801385255867,0.8639308855291578
2,"Sales & Office Occupations",6,"Sales & Office Occupations",17,"Sales & Related Occupations",2017,"2017","04000US19","Iowa",0,"Male",1295,262,0.7141866782953837,"Ames, IA","16000US1901855","ames-ia",25117,13646,1373,-5.680990531682447,18829,33.395294492538106,7.1717339535914055
2,"Sales & Office Occupations",6,"Sales & Office Occupations",18,"Office & Administrative Support Occupations",2017,"2017","04000US19","Iowa",0,"Male",1610,354,1.2659385025652912,"Ames, IA","16000US1901855","ames-ia",13958,6892,1756,-8.314350797266515,10957,27.388883818563475,8.916209780140665
3,"Natural Resources, Construction, & Maintenance Occupations",7,"Natural Resources, Construction, & Maintenance Occupations",19,"Farming, Fishing, & Forestry Occupations",2017,"2017","04000US19","Iowa",0,"Male",316,193,1.6795879808147698,"Ames, IA","16000US1901855","ames-ia",18580,4839,274,15.328467153284672,12119,53.31297961878043,1.7500138450462426
3,"Natural Resources, Construction, & Maintenance Occupations",7,"Natural Resources, Construction, & Maintenance Occupations",20,"Construction & Extraction Occupations",2017,"2017","04000US19","Iowa",0,"Male",656,164,0.3902882076932074,"Ames, IA","16000US1901855","ames-ia",28583,4842,585,12.136752136752136,26973,5.968931894857821,3.6329401340200476
3,"Natural Resources, Construction, & Maintenance Occupations",7,"Natural Resources, Construction, & Maintenance Occupations",21,"Installation, Maintenance, & Repair Occupations",2017,"2017","04000US19","Iowa",0,"Male",515,161,0.4968386598505501,"Ames, IA","16000US1901855","ames-ia",39194,17081,539,-4.452690166975881,38608,1.5178201409034398,2.8520795259456166
4,"Production, Transportation, & Material Moving Occupations",8,"Production, Transportation, & Material Moving Occupations",22,"Production Occupations",2017,"2017","04000US19","Iowa",0,"Male",1047,252.00000000000003,0.724370544585259,"Ames, IA","16000US1901855","ames-ia",29871,6213,1100,-4.818181818181818,28643,4.287260412666271,5.798305366339924
4,"Production, Transportation, & Material Moving Occupations",8,"Production, Transportation, & Material Moving Occupations",23,"Transportation Occupations",2017,"2017","04000US19","Iowa",0,"Male",489,167,0.44852001263013713,"Ames, IA","16000US1901855","ames-ia",14650,13874,554,-11.732851985559567,14583,0.4594390728930947,2.7080910450240903
0,"Management, Business, Science, & Arts Occupations",0,"Management, Business, & Financial Occupations",0,"Management Occupations",2016,"2016","04000US19","Iowa",0,"Male",1599,292,0.7714726012720023,"Ames, IA","16000US1901855","ames-ia",67768,17513,1478,8.186738836265222,59167,14.536819510875995,8.916025426564069
0,"Management, Business, Science, & Arts Occupations",0,"Management, Business, & Financial Occupations",1,"Business & Financial Operations Occupations",2016,"2016","04000US19","Iowa",0,"Male",520,152,0.7025020285139656,"Ames, IA","16000US1901855","ames-ia",36827,16984,480,8.333333333333332,45795,-19.582923899989083,2.8995204639232743
0,"Management, Business, Science, & Arts Occupations",1,"Computer, Engineering, & Science Occupations",2,"Computer & Mathematical Occupations",2016,"2016","04000US19","Iowa",0,"Male",978,252.00000000000003,1.3857370005840712,"Ames, IA","16000US1901855","ames-ia",50523,24353,953,2.6232948583420774,35987,40.39236390918943,5.453328872532619
0,"Management, Business, Science, & Arts Occupations",1,"Computer, Engineering, & Science Occupations",3,"Architecture & Engineering Occupations",2016,"2016","04000US19","Iowa",0,"Male",917,202,1.7271730517430404,"Ames, IA","16000US1901855","ames-ia",40804,17693,944,-2.860169491525424,35357,15.405718810985094,5.113192818110851
0,"Management, Business, Science, & Arts Occupations",1,"Computer, Engineering, & Science Occupations",4,"Life, Physical, & Social Science Occupations",2016,"2016","04000US19","Iowa",0,"Male",693,200,4.32851117475599,"Ames, IA","16000US1901855","ames-ia",30927,8662,709,-2.2566995768688294,24538,26.03716684326351,3.864168618266979
0,"Management, Business, Science, & Arts Occupations",2,"Education, Legal, Community Service, Arts, & Media Occupations",5,"Community & Social Service Occupations",2016,"2016","04000US19","Iowa",0,"Male",183,102,0.8926064221700932,"Ames, IA","16000US1901855","ames-ia",31445,3116,217,-15.668202764976957,37386,-15.89097523137003,1.0204081632653061
0,"Management, Business, Science, & Arts Occupations",2,"Education, Legal, Community Service, Arts, & Media Occupations",6,"Legal Occupations",2016,"2016","04000US19","Iowa",0,"Male",27,25,0.14230091649882204,"Ames, IA","16000US1901855","ames-ia",94583,27276,21,28.57142857142857,,NaN,0.15055202408832385
0,"Management, Business, Science, & Arts Occupations",2,"Education, Legal, Community Service, Arts, & Media Occupations",7,"Education Instruction, & Library Occupations",2016,"2016","04000US19","Iowa",0,"Male",2607,356,4.654051728752879,"Ames, IA","16000US1901855","ames-ia",36547,8975,2495,4.488977955911824,40069,-8.789837530260302,14.536634325861492
0,"Management, Business, Science, & Arts Occupations",2,"Education, Legal, Community Service, Arts, & Media Occupations",8,"Arts, Design, Entertainment, Sports, & Media Occupations",2016,"2016","04000US19","Iowa",0,"Male",581,192,1.6455241043600375,"Ames, IA","16000US1901855","ames-ia",12026,4408,579,0.3454231433506045,10932,10.00731796560556,3.239656518345043
0,"Management, Business, Science, & Arts Occupations",3,"Healthcare Practitioners & Technical Occupations",9,"Health Diagnosing & Treating Practitioners & Other Technical Occupations",2016,"2016","04000US19","Iowa",0,"Male",294,133,0.8243184151590467,"Ames, IA","16000US1901855","ames-ia",68750,34467,280,5,71184,-3.4193077095976623,1.639344262295082
0,"Management, Business, Science, & Arts Occupations",3,"Healthcare Practitioners & Technical Occupations",10,"Health Technologists & Technicians",2016,"2016","04000US19","Iowa",0,"Male",103,112,0.7253232819699224,"Ames, IA","16000US1901855","ames-ia",33653,503,100,3,31314,7.469502458964042,0.5743280918924948
1,"Service Occupations",4,"Service Occupations",11,"Healthcare Support Occupations",2016,"2016","04000US19","Iowa",0,"Male",98,68,0.8840461387327748,"Ames, IA","16000US1901855","ames-ia",6630,18318,70,40,16250,-59.199999999999996,0.546448087431694
1,"Service Occupations",4,"Service Occupations",14,"Food Preparation & Serving Related Occupations",2016,"2016","04000US19","Iowa",0,"Male",1309,279,1.4400152404431057,"Ames, IA","16000US1901855","ames-ia",9015,2965,1242,5.394524959742351,8876,1.566020730058585,7.2989851678376265
1,"Service Occupations",4,"Service Occupations",15,"Building & Grounds Cleaning & Maintenance Occupations",2016,"2016","04000US19","Iowa",0,"Male",744,179,0.9215878200997102,"Ames, IA","16000US1901855","ames-ia",10870,3745,763,-2.490170380078637,11791,-7.811042320413875,4.148544663767146
1,"Service Occupations",4,"Service Occupations",16,"Personal Care & Service Occupations",2016,"2016","04000US19","Iowa",0,"Male",236,87,0.8302170945138183,"Ames, IA","16000US1901855","ames-ia",8077,8151,209,12.918660287081341,4929,63.86691012375736,1.3159362105497938
1,"Service Occupations",5,"Protective Service Occupations",12,"Fire Fighting & Prevention, & Other Protective Service Workers Including Supervisors",2016,"2016","04000US19","Iowa",0,"Male",203,91,0.6490492338930811,"Ames, IA","16000US1901855","ames-ia",10987,45130,217,-6.451612903225806,11534,-4.742500433500953,1.1319281811085091
1,"Service Occupations",5,"Protective Service Occupations",13,"Law Enforcement Workers Including Supervisors",2016,"2016","04000US19","Iowa",0,"Male",180,86,0.670015307200388,"Ames, IA","16000US1901855","ames-ia",54286,7720,184,-2.1739130434782608,52727,2.956739431410852,1.0036801605888257
2,"Sales & Office Occupations",6,"Sales & Office Occupations",17,"Sales & Related Occupations",2016,"2016","04000US19","Iowa",0,"Male",1373,273,0.7529156811197987,"Ames, IA","16000US1901855","ames-ia",18829,2535,1367,0.43891733723482074,23240,-18.980206540447504,7.655849224935876
2,"Sales & Office Occupations",6,"Sales & Office Occupations",18,"Office & Administrative Support Occupations",2016,"2016","04000US19","Iowa",0,"Male",1756,386,1.387330590543147,"Ames, IA","16000US1901855","ames-ia",10957,5662,1708,2.810304449648712,9063,20.89815734304314,9.79145756663321
3,"Natural Resources, Construction, & Maintenance Occupations",7,"Natural Resources, Construction, & Maintenance Occupations",19,"Farming, Fishing, & Forestry Occupations",2016,"2016","04000US19","Iowa",0,"Male",274,135,1.437014030088547,"Ames, IA","16000US1901855","ames-ia",12119,10140,316,-13.291139240506327,11250,7.724444444444445,1.527824244451879
3,"Natural Resources, Construction, & Maintenance Occupations",7,"Natural Resources, Construction, & Maintenance Occupations",20,"Construction & Extraction Occupations",2016,"2016","04000US19","Iowa",0,"Male",585,171,0.3522395243640234,"Ames, IA","16000US1901855","ames-ia",26973,5790,637,-8.16326530612245,26020,3.662567255956956,3.2619605219136836
3,"Natural Resources, Construction, & Maintenance Occupations",7,"Natural Resources, Construction, & Maintenance Occupations",21,"Installation, Maintenance, & Repair Occupations",2016,"2016","04000US19","Iowa",0,"Male",539,158,0.5154037945961741,"Ames, IA","16000US1901855","ames-ia",38608,17172,570,-5.43859649122807,38640,-0.08281573498964803,3.0054644808743167
4,"Production, Transportation, & Material Moving Occupations",8,"Production, Transportation, & Material Moving Occupations",22,"Production Occupations",2016,"2016","04000US19","Iowa",0,"Male",1100,266,0.757689310717179,"Ames, IA","16000US1901855","ames-ia",28643,5654,1011,8.803165182987142,26788,6.924742421979992,6.133600981376157
4,"Production, Transportation, & Material Moving Occupations",8,"Production, Transportation, & Material Moving Occupations",23,"Transportation Occupations",2016,"2016","04000US19","Iowa",0,"Male",554,167,0.5146321011370694,"Ames, IA","16000US1901855","ames-ia",14583,15061,675,-17.925925925925927,21625,-32.564161849710985,3.089104494256719
0,"Management, Business, Science, & Arts Occupations",0,"Management, Business, & Financial Occupations",0,"Management Occupations",2015,"2015","04000US19","Iowa",0,"Male",1478,261,0.7326011664568561,"Ames, IA","16000US1901855","ames-ia",59167,23703,1538,-3.901170351105332,65417,-9.554091444120031,8.368248216510022
0,"Management, Business, Science, & Arts Occupations",0,"Management, Business, & Financial Occupations",1,"Business & Financial Operations Occupations",2015,"2015","04000US19","Iowa",0,"Male",480,155,0.659769728234347,"Ames, IA","16000US1901855","ames-ia",45795,8805,417,15.107913669064748,55339,-17.246426570772872,2.717699014834107
0,"Management, Business, Science, & Arts Occupations",1,"Computer, Engineering, & Science Occupations",2,"Computer & Mathematical Occupations",2015,"2015","04000US19","Iowa",0,"Male",953,309,1.4162279240695788,"Ames, IA","16000US1901855","ames-ia",35987,30872,1013,-5.923000987166831,22366,60.90047393364929,5.395764919035217
0,"Management, Business, Science, & Arts Occupations",1,"Computer, Engineering, & Science Occupations",3,"Architecture & Engineering Occupations",2015,"2015","04000US19","Iowa",0,"Male",944,227.00000000000003,1.8039142076719537,"Ames, IA","16000US1901855","ames-ia",35357,21417,754,25.198938992042443,38600,-8.401554404145077,5.344808062507077
0,"Management, Business, Science, & Arts Occupations",1,"Computer, Engineering, & Science Occupations",4,"Life, Physical, & Social Science Occupations",2015,"2015","04000US19","Iowa",0,"Male",709,205,4.454903844392995,"Ames, IA","16000US1901855","ames-ia",24538,6635,906,-21.7439293598234,24722,-0.7442763530458701,4.014267919827879
0,"Management, Business, Science, & Arts Occupations",2,"Education, Legal, Community Service, Arts, & Media Occupations",5,"Community & Social Service Occupations",2015,"2015","04000US19","Iowa",0,"Male",217,106,1.0672948601990155,"Ames, IA","16000US1901855","ames-ia",37386,24416,409,-46.9437652811736,36114,3.522179764080412,1.2286264296229192
0,"Management, Business, Science, & Arts Occupations",2,"Education, Legal, Community Service, Arts, & Media Occupations",7,"Education Instruction, & Library Occupations",2015,"2015","04000US19","Iowa",0,"Male",2495,330,4.5083807655516415,"Ames, IA","16000US1901855","ames-ia",40069,16262,2580,-3.2945736434108532,35870,11.706161137440759,14.126373004189785
0,"Management, Business, Science, & Arts Occupations",2,"Education, Legal, Community Service, Arts, & Media Occupations",8,"Arts, Design, Entertainment, Sports, & Media Occupations",2015,"2015","04000US19","Iowa",0,"Male",579,238,1.6773277900228463,"Ames, IA","16000US1901855","ames-ia",10932,1833,552,4.891304347826087,17000,-35.694117647058825,3.278224436643642
0,"Management, Business, Science, & Arts Occupations",3,"Healthcare Practitioners & Technical Occupations",9,"Health Diagnosing & Treating Practitioners & Other Technical Occupations",2015,"2015","04000US19","Iowa",0,"Male",280,126.00000000000001,0.7988007366832401,"Ames, IA","16000US1901855","ames-ia",71184,35228,283,-1.0600706713780919,57330,24.165358451072738,1.5853244253198957
0,"Management, Business, Science, & Arts Occupations",3,"Healthcare Practitioners & Technical Occupations",10,"Health Technologists & Technicians",2015,"2015","04000US19","Iowa",0,"Male",100,91,0.72678111448034,"Ames, IA","16000US1901855","ames-ia",31314,529,98,2.0408163265306123,31066,0.79830039271229,0.5661872947571056
1,"Service Occupations",4,"Service Occupations",11,"Healthcare Support Occupations",2015,"2015","04000US19","Iowa",0,"Male",70,54,0.6382264491766123,"Ames, IA","16000US1901855","ames-ia",16250,11581,79,-11.39240506329114,20809,-21.9087894660964,0.3963311063299739
1,"Service Occupations",4,"Service Occupations",14,"Food Preparation & Serving Related Occupations",2015,"2015","04000US19","Iowa",0,"Male",1242,267,1.3966767147224688,"Ames, IA","16000US1901855","ames-ia",8876,2311,1047,18.624641833810887,7113,24.785603823984253,7.032046200883252
1,"Service Occupations",4,"Service Occupations",15,"Building & Grounds Cleaning & Maintenance Occupations",2015,"2015","04000US19","Iowa",0,"Male",763,170,0.9485101555091081,"Ames, IA","16000US1901855","ames-ia",11791,4169,645,18.294573643410853,11237,4.930141496840794,4.320009058996717
1,"Service Occupations",4,"Service Occupations",16,"Personal Care & Service Occupations",2015,"2015","04000US19","Iowa",0,"Male",209,83,0.7509450936729516,"Ames, IA","16000US1901855","ames-ia",4929,4716,123,69.91869918699187,11094,-55.57057869118442,1.1833314460423507
1,"Service Occupations",5,"Protective Service Occupations",12,"Fire Fighting & Prevention, & Other Protective Service Workers Including Supervisors",2015,"2015","04000US19","Iowa",0,"Male",217,96,0.6915096061995676,"Ames, IA","16000US1901855","ames-ia",11534,49877,174,24.71264367816092,11154,3.406849560695715,1.2286264296229192
1,"Service Occupations",5,"Protective Service Occupations",13,"Law Enforcement Workers Including Supervisors",2015,"2015","04000US19","Iowa",0,"Male",184,90,0.6893667321506836,"Ames, IA","16000US1901855","ames-ia",52727,12842,213,-13.615023474178404,55521,-5.032330109328003,1.0417846223530745
2,"Sales & Office Occupations",6,"Sales & Office Occupations",17,"Sales & Related Occupations",2015,"2015","04000US19","Iowa",0,"Male",1367,296,0.7536454788892077,"Ames, IA","16000US1901855","ames-ia",23240,9749,1495,-8.561872909698996,20659,12.493344305145456,7.7397803193296335
2,"Sales & Office Occupations",6,"Sales & Office Occupations",18,"Office & Administrative Support Occupations",2015,"2015","04000US19","Iowa",0,"Male",1708,349,1.3692359286723874,"Ames, IA","16000US1901855","ames-ia",9063,4451,1475,15.796610169491526,7243,25.127709512632883,9.670478994451365
3,"Natural Resources, Construction, & Maintenance Occupations",7,"Natural Resources, Construction, & Maintenance Occupations",19,"Farming, Fishing, & Forestry Occupations",2015,"2015","04000US19","Iowa",0,"Male",316,168,1.6380052316665288,"Ames, IA","16000US1901855","ames-ia",11250,8142,390,-18.974358974358974,12188,-7.696094519199212,1.789151851432454
3,"Natural Resources, Construction, & Maintenance Occupations",7,"Natural Resources, Construction, & Maintenance Occupations",20,"Construction & Extraction Occupations",2015,"2015","04000US19","Iowa",0,"Male",637,194,0.38930507447169954,"Ames, IA","16000US1901855","ames-ia",26020,10111,603,5.638474295190713,25469,2.163414346853037,3.6066130676027632
3,"Natural Resources, Construction, & Maintenance Occupations",7,"Natural Resources, Construction, & Maintenance Occupations",21,"Installation, Maintenance, & Repair Occupations",2015,"2015","04000US19","Iowa",0,"Male",570,156,0.546847178690322,"Ames, IA","16000US1901855","ames-ia",38640,9831,603,-5.472636815920398,40023,-3.455513079979012,3.2272675801155026
4,"Production, Transportation, & Material Moving Occupations",8,"Production, Transportation, & Material Moving Occupations",22,"Production Occupations",2015,"2015","04000US19","Iowa",0,"Male",1011,254,0.7012144290869969,"Ames, IA","16000US1901855","ames-ia",26788,5345,974,3.798767967145791,27375,-2.1442922374429223,5.724153549994338
4,"Production, Transportation, & Material Moving Occupations",8,"Production, Transportation, & Material Moving Occupations",23,"Transportation Occupations",2015,"2015","04000US19","Iowa",0,"Male",675,176,0.6441599451237421,"Ames, IA","16000US1901855","ames-ia",21625,14026,639,5.633802816901409,13664,58.262587822014055,3.821764239610463
0,"Management, Business, Science, & Arts Occupations",0,"Management, Business, & Financial Occupations",0,"Management Occupations",2014,"2014","04000US19","Iowa",0,"Male",1538,272,0.7686570218585168,"Ames, IA","16000US1901855","ames-ia",65417,10439,1577,-2.4730500951173116,76250,-14.207213114754097,8.71190665005098
0,"Management, Business, Science, & Arts Occupations",0,"Management, Business, & Financial Occupations",1,"Business & Financial Operations Occupations",2014,"2014","04000US19","Iowa",0,"Male",417,136,0.5743189746806401,"Ames, IA","16000US1901855","ames-ia",55339,11018,356,17.134831460674157,56250,-1.6195555555555556,2.3620709187719497
0,"Management, Business, Science, & Arts Occupations",1,"Computer, Engineering, & Science Occupations",2,"Computer & Mathematical Occupations",2014,"2014","04000US19","Iowa",0,"Male",1013,244.99999999999997,1.5512131442983113,"Ames, IA","16000US1901855","ames-ia",22366,24429,1046,-3.154875717017208,20000,11.83,5.738076356633058
0,"Management, Business, Science, & Arts Occupations",1,"Computer, Engineering, & Science Occupations",3,"Architecture & Engineering Occupations",2014,"2014","04000US19","Iowa",0,"Male",754,180,1.4372608981281396,"Ames, IA","16000US1901855","ames-ia",38600,22384,712,5.8988764044943816,37628,2.5831827362602318,4.270986745213549
0,"Management, Business, Science, & Arts Occupations",1,"Computer, Engineering, & Science Occupations",4,"Life, Physical, & Social Science Occupations",2014,"2014","04000US19","Iowa",0,"Male",906,261,5.634487169146189,"Ames, IA","16000US1901855","ames-ia",24722,11165,987,-8.206686930091186,22974,7.608601027248193,5.131981420641214
0,"Management, Business, Science, & Arts Occupations",2,"Education, Legal, Community Service, Arts, & Media Occupations",5,"Community & Social Service Occupations",2014,"2014","04000US19","Iowa",0,"Male",409,181,1.9818380029814773,"Ames, IA","16000US1901855","ames-ia",36114,9956,380,7.631578947368421,36304,-0.5233583076245042,2.316755409538915
0,"Management, Business, Science, & Arts Occupations",2,"Education, Legal, Community Service, Arts, & Media Occupations",6,"Legal Occupations",2014,"2014","04000US19","Iowa",0,"Male",79,41,0.4110403590606921,"Ames, IA","16000US1901855","ames-ia",94625,40353,90,-12.222222222222221,62708,50.89781208139313,0.44749065367622065
0,"Management, Business, Science, & Arts Occupations",2,"Education, Legal, Community Service, Arts, & Media Occupations",7,"Education Instruction, & Library Occupations",2014,"2014","04000US19","Iowa",0,"Male",2580,363,4.639112726475279,"Ames, IA","16000US1901855","ames-ia",35870,16534,2445,5.521472392638037,26116,37.348751723081634,14.61425172765379
0,"Management, Business, Science, & Arts Occupations",2,"Education, Legal, Community Service, Arts, & Media Occupations",8,"Arts, Design, Entertainment, Sports, & Media Occupations",2014,"2014","04000US19","Iowa",0,"Male",552,206,1.6092635047994024,"Ames, IA","16000US1901855","ames-ia",17000,20840,588,-6.122448979591836,18333,-7.271041291659848,3.1267701370794154
0,"Management, Business, Science, & Arts Occupations",3,"Healthcare Practitioners & Technical Occupations",9,"Health Diagnosing & Treating Practitioners & Other Technical Occupations",2014,"2014","04000US19","Iowa",0,"Male",283,114.00000000000001,0.8088405804511574,"Ames, IA","16000US1901855","ames-ia",57330,43462,247,14.5748987854251,57337,-0.012208521548040533,1.6030361391186132
0,"Management, Business, Science, & Arts Occupations",3,"Healthcare Practitioners & Technical Occupations",10,"Health Technologists & Technicians",2014,"2014","04000US19","Iowa",0,"Male",98,85,0.7286513420058707,"Ames, IA","16000US1901855","ames-ia",31066,1559,69,42.028985507246375,29952,3.719284188034188,0.5551149881046789
1,"Service Occupations",4,"Service Occupations",11,"Healthcare Support Occupations",2014,"2014","04000US19","Iowa",0,"Male",79,52,0.7241560795945526,"Ames, IA","16000US1901855","ames-ia",20809,9096,138,-42.7536231884058,20938,-0.6161046900372528,0.44749065367622065
1,"Service Occupations",4,"Service Occupations",14,"Food Preparation & Serving Related Occupations",2014,"2014","04000US19","Iowa",0,"Male",1047,231,1.1899296225241514,"Ames, IA","16000US1901855","ames-ia",7113,2026,1020,2.6470588235294117,5642,26.0723147819922,5.930667270873456
1,"Service Occupations",4,"Service Occupations",15,"Building & Grounds Cleaning & Maintenance Occupations",2014,"2014","04000US19","Iowa",0,"Male",645,175,0.7912623959150284,"Ames, IA","16000US1901855","ames-ia",11237,3186,653,-1.2251148545176112,10830,3.7580794090489382,3.6535629319134477
1,"Service Occupations",4,"Service Occupations",16,"Personal Care & Service Occupations",2014,"2014","04000US19","Iowa",0,"Male",123,62,0.4435151581065193,"Ames, IA","16000US1901855","ames-ia",11094,11488,154,-20.12987012987013,5909,87.74750380775089,0.6967259544579133
1,"Service Occupations",5,"Protective Service Occupations",12,"Fire Fighting & Prevention, & Other Protective Service Workers Including Supervisors",2014,"2014","04000US19","Iowa",0,"Male",174,80,0.5485871081735235,"Ames, IA","16000US1901855","ames-ia",11154,54545,211,-17.535545023696685,5875,89.85531914893618,0.9856123258185113
1,"Service Occupations",5,"Protective Service Occupations",13,"Law Enforcement Workers Including Supervisors",2014,"2014","04000US19","Iowa",0,"Male",213,99,0.7891881781652945,"Ames, IA","16000US1901855","ames-ia",55521,12834,106,100.9433962264151,48036,15.582063452410692,1.2065254333295572
2,"Sales & Office Occupations",6,"Sales & Office Occupations",17,"Sales & Related Occupations",2014,"2014","04000US19","Iowa",0,"Male",1495,276,0.8148906965046465,"Ames, IA","16000US1901855","ames-ia",20659,6628,1547,-3.361344537815126,22866,-9.651884894603342,8.468335787923417
2,"Sales & Office Occupations",6,"Sales & Office Occupations",18,"Office & Administrative Support Occupations",2014,"2014","04000US19","Iowa",0,"Male",1475,370,1.1805626229365314,"Ames, IA","16000US1901855","ames-ia",7243,3404,1261,16.97065820777161,12005,-39.66680549770929,8.355047014840828
3,"Natural Resources, Construction, & Maintenance Occupations",7,"Natural Resources, Construction, & Maintenance Occupations",19,"Farming, Fishing, & Forestry Occupations",2014,"2014","04000US19","Iowa",0,"Male",390,193,1.9899454528905438,"Ames, IA","16000US1901855","ames-ia",12188,6785,359,8.635097493036211,11356,7.3265234237407535,2.2091310751104567
3,"Natural Resources, Construction, & Maintenance Occupations",7,"Natural Resources, Construction, & Maintenance Occupations",20,"Construction & Extraction Occupations",2014,"2014","04000US19","Iowa",0,"Male",603,154,0.3676957412560392,"Ames, IA","16000US1901855","ames-ia",25469,7683,659,-8.49772382397572,23346,9.093634883920156,3.4156565084400135
3,"Natural Resources, Construction, & Maintenance Occupations",7,"Natural Resources, Construction, & Maintenance Occupations",21,"Installation, Maintenance, & Repair Occupations",2014,"2014","04000US19","Iowa",0,"Male",603,189,0.5736921656264491,"Ames, IA","16000US1901855","ames-ia",40023,2703,609,-0.9852216748768473,37970,5.40690018435607,3.4156565084400135
4,"Production, Transportation, & Material Moving Occupations",8,"Production, Transportation, & Material Moving Occupations",22,"Production Occupations",2014,"2014","04000US19","Iowa",0,"Male",974,292,0.6769947266850067,"Ames, IA","16000US1901855","ames-ia",27375,11683,843,15.539739027283511,30823,-11.18645167569672,5.517163249122012
4,"Production, Transportation, & Material Moving Occupations",8,"Production, Transportation, & Material Moving Occupations",23,"Transportation Occupations",2014,"2014","04000US19","Iowa",0,"Male",639,190,0.6153896500310005,"Ames, IA","16000US1901855","ames-ia",13664,11696,586,9.044368600682594,16900,-19.14792899408284,3.6195762999886716
0,"Management, Business, Science, & Arts Occupations",0,"Management, Business, & Financial Occupations",0,"Management Occupations",2013,"2013","04000US19","Iowa",0,"Male",1577,246.00000000000003,0.8070294255421163,"Ames, IA","16000US1901855","ames-ia",76250,13028,,NaN,,NaN,9.140439343882223
0,"Management, Business, Science, & Arts Occupations",0,"Management, Business, & Financial Occupations",1,"Business & Financial Operations Occupations",2013,"2013","04000US19","Iowa",0,"Male",356,101,0.5043712382318072,"Ames, IA","16000US1901855","ames-ia",56250,16150,,NaN,,NaN,2.063409262157306
0,"Management, Business, Science, & Arts Occupations",1,"Computer, Engineering, & Science Occupations",2,"Computer & Mathematical Occupations",2013,"2013","04000US19","Iowa",0,"Male",1046,271,1.6815997317363796,"Ames, IA","16000US1901855","ames-ia",20000,17413,,NaN,,NaN,6.062713730945343
0,"Management, Business, Science, & Arts Occupations",1,"Computer, Engineering, & Science Occupations",3,"Architecture & Engineering Occupations",2013,"2013","04000US19","Iowa",0,"Male",712,182,1.3767206034641415,"Ames, IA","16000US1901855","ames-ia",37628,22039,,NaN,,NaN,4.126818524314612
0,"Management, Business, Science, & Arts Occupations",1,"Computer, Engineering, & Science Occupations",4,"Life, Physical, & Social Science Occupations",2013,"2013","04000US19","Iowa",0,"Male",987,249,6.25817764148385,"Ames, IA","16000US1901855","ames-ia",22974,4274,,NaN,,NaN,5.720744218396801
0,"Management, Business, Science, & Arts Occupations",2,"Education, Legal, Community Service, Arts, & Media Occupations",5,"Community & Social Service Occupations",2013,"2013","04000US19","Iowa",0,"Male",380,159,1.8776160540999813,"Ames, IA","16000US1901855","ames-ia",36304,6302,,NaN,,NaN,2.2025155045499334
0,"Management, Business, Science, & Arts Occupations",2,"Education, Legal, Community Service, Arts, & Media Occupations",6,"Legal Occupations",2013,"2013","04000US19","Iowa",0,"Male",90,48,0.47244740305922484,"Ames, IA","16000US1901855","ames-ia",62708,54240,,NaN,,NaN,0.5216484089723527
0,"Management, Business, Science, & Arts Occupations",2,"Education, Legal, Community Service, Arts, & Media Occupations",7,"Education Instruction, & Library Occupations",2013,"2013","04000US19","Iowa",0,"Male",2445,291,4.500065648481232,"Ames, IA","16000US1901855","ames-ia",26116,4712,,NaN,,NaN,14.171448443748913
0,"Management, Business, Science, & Arts Occupations",2,"Education, Legal, Community Service, Arts, & Media Occupations",8,"Arts, Design, Entertainment, Sports, & Media Occupations",2013,"2013","04000US19","Iowa",0,"Male",588,210,1.7723794001801578,"Ames, IA","16000US1901855","ames-ia",18333,24712,,NaN,,NaN,3.4081029386193706
0,"Management, Business, Science, & Arts Occupations",3,"Healthcare Practitioners & Technical Occupations",9,"Health Diagnosing & Treating Practitioners & Other Technical Occupations",2013,"2013","04000US19","Iowa",0,"Male",247,98,0.7232968192553644,"Ames, IA","16000US1901855","ames-ia",57337,49451,,NaN,,NaN,1.4316350779574567
0,"Management, Business, Science, & Arts Occupations",3,"Healthcare Practitioners & Technical Occupations",10,"Health Technologists & Technicians",2013,"2013","04000US19","Iowa",0,"Male",69,59,0.5462202953671993,"Ames, IA","16000US1901855","ames-ia",29952,11908,,NaN,,NaN,0.39993044687880364
1,"Service Occupations",4,"Service Occupations",11,"Healthcare Support Occupations",2013,"2013","04000US19","Iowa",0,"Male",138,83,1.3070713147385824,"Ames, IA","16000US1901855","ames-ia",20938,14178,,NaN,,NaN,0.7998608937576073
1,"Service Occupations",4,"Service Occupations",14,"Food Preparation & Serving Related Occupations",2013,"2013","04000US19","Iowa",0,"Male",1020,230,1.209107901256863,"Ames, IA","16000US1901855","ames-ia",5642,1632,,NaN,,NaN,5.9120153016866634
1,"Service Occupations",4,"Service Occupations",15,"Building & Grounds Cleaning & Maintenance Occupations",2013,"2013","04000US19","Iowa",0,"Male",653,200,0.8188546068222871,"Ames, IA","16000US1901855","ames-ia",10830,1861,,NaN,,NaN,3.78484901176607
1,"Service Occupations",4,"Service Occupations",16,"Personal Care & Service Occupations",2013,"2013","04000US19","Iowa",0,"Male",154,102,0.5726390451072413,"Ames, IA","16000US1901855","ames-ia",5909,15067,,NaN,,NaN,0.8925983886860256
1,"Service Occupations",5,"Protective Service Occupations",12,"Fire Fighting & Prevention, & Other Protective Service Workers Including Supervisors",2013,"2013","04000US19","Iowa",0,"Male",211,104,0.6809109050958116,"Ames, IA","16000US1901855","ames-ia",5875,22174,,NaN,,NaN,1.2229757143685156
1,"Service Occupations",5,"Protective Service Occupations",13,"Law Enforcement Workers Including Supervisors",2013,"2013","04000US19","Iowa",0,"Male",106,83,0.39754048664556385,"Ames, IA","16000US1901855","ames-ia",48036,13583,,NaN,,NaN,0.614385903900771
2,"Sales & Office Occupations",6,"Sales & Office Occupations",17,"Sales & Related Occupations",2013,"2013","04000US19","Iowa",0,"Male",1547,310,0.8523517534558444,"Ames, IA","16000US1901855","ames-ia",22866,6405,,NaN,,NaN,8.966556540891439
2,"Sales & Office Occupations",6,"Sales & Office Occupations",18,"Office & Administrative Support Occupations",2013,"2013","04000US19","Iowa",0,"Male",1261,326,1.0334230386414873,"Ames, IA","16000US1901855","ames-ia",12005,6275,,NaN,,NaN,7.308873819045964
3,"Natural Resources, Construction, & Maintenance Occupations",7,"Natural Resources, Construction, & Maintenance Occupations",19,"Farming, Fishing, & Forestry Occupations",2013,"2013","04000US19","Iowa",0,"Male",359,238,1.8731846652985058,"Ames, IA","16000US1901855","ames-ia",11356,5725,,NaN,,NaN,2.0807975424563847
3,"Natural Resources, Construction, & Maintenance Occupations",7,"Natural Resources, Construction, & Maintenance Occupations",20,"Construction & Extraction Occupations",2013,"2013","04000US19","Iowa",0,"Male",659,198,0.4058624134340506,"Ames, IA","16000US1901855","ames-ia",23346,10326,,NaN,,NaN,3.819625572364226
3,"Natural Resources, Construction, & Maintenance Occupations",7,"Natural Resources, Construction, & Maintenance Occupations",21,"Installation, Maintenance, & Repair Occupations",2013,"2013","04000US19","Iowa",0,"Male",609,176,0.5843456628854008,"Ames, IA","16000US1901855","ames-ia",37970,13179,,NaN,,NaN,3.5298209007129198
4,"Production, Transportation, & Material Moving Occupations",8,"Production, Transportation, & Material Moving Occupations",22,"Production Occupations",2013,"2013","04000US19","Iowa",0,"Male",843,252.00000000000003,0.6012422072982866,"Ames, IA","16000US1901855","ames-ia",30823,3752,,NaN,,NaN,4.8861067640410365
4,"Production, Transportation, & Material Moving Occupations",8,"Production, Transportation, & Material Moving Occupations",23,"Transportation Occupations",2013,"2013","04000US19","Iowa",0,"Male",586,158,0.5800421225740138,"Ames, IA","16000US1901855","ames-ia",16900,15423,,NaN,,NaN,3.3965107517533184